{"cameraMode":{"drawMode":0,"name":"Shaded","section":"Shading Mode"},"sceneLighting":true,"audioPlay":false,"sceneViewState":{"showFog":true,"showMaterialUpdate":false,"showSkybox":true,"showFlares":true,"showImageEffects":true,"showParticleSystems":true},"in2DMode":false,"pivot":{"x":7.309793949127197,"y":26.734981536865236,"z":-8.273707389831543},"rotation":{"x":0.2428426593542099,"y":0.7528507113456726,"z":-0.4765314757823944,"w":0.3836592733860016},"size":1.3138177394866944,"orthographic":false}