{"cameraMode":{"drawMode":0,"name":"Shaded","section":"Shading Mode"},"sceneLighting":true,"audioPlay":false,"sceneViewState":{"m_AlwaysRefresh":false,"showFog":true,"showSkybox":true,"showFlares":true,"showImageEffects":true,"showParticleSystems":true,"showVisualEffectGraphs":true,"m_FxEnabled":true},"in2DMode":false,"pivot":{"x":-0.26199817657470705,"y":-10.656167984008789,"z":11.117067337036133},"rotation":{"x":-0.5592414736747742,"y":-0.15456067025661469,"z":0.10706119239330292,"w":-0.8074160218238831},"size":17.907724380493165,"orthographic":false}